{"text": "\u90a3\u70ba\u4ec0\u9ebc\u8070\u660e\u4eba\u90fd\u5728\u990a\u4e86,\u6211\u7d66\u4f60\u7b97\u6bd4\u8cec", "segments": [{"id": 0, "seek": 0, "start": 0.0, "end": 3.96, "text": "\u90a3\u70ba\u4ec0\u9ebc\u8070\u660e\u4eba\u90fd\u5728\u990a\u4e86,\u6211\u7d66\u4f60\u7b97\u6bd4\u8cec", "tokens": [50364, 4184, 18987, 8171, 108, 11100, 4035, 7182, 3581, 22217, 232, 2289, 11, 1654, 17798, 2166, 19497, 11706, 13352, 105, 50562], "temperature": 0.0, "avg_logprob": -0.3293110023845326, "compression_ratio": 0.8253968253968254, "no_speech_prob": 0.0031954562291502953}], "language": "zh"}