{"text": "\u4ee5\u524d\u6211\u5011\u505a\u81ea\u5a92\u9ad4,\u65e9\u8d77\u5237\u5c0d\u6a19,\u4e2d\u5348\u5225\u6587\u6848,\u4e0b\u5348\u56de\u601d\u4fe1,\u665a\u4e0a\u5beb\u8a08\u756b\u3002", "segments": [{"id": 0, "seek": 0, "start": 0.0, "end": 8.2, "text": "\u4ee5\u524d\u6211\u5011\u505a\u81ea\u5a92\u9ad4,\u65e9\u8d77\u5237\u5c0d\u6a19,\u4e2d\u5348\u5225\u6587\u6848,\u4e0b\u5348\u56de\u601d\u4fe1,\u665a\u4e0a\u5beb\u8a08\u756b\u3002", "tokens": [50364, 44996, 5884, 10907, 9722, 44332, 240, 23987, 11, 21176, 9147, 2437, 115, 2855, 46299, 11, 5975, 44237, 16158, 17174, 28899, 11, 4438, 44237, 8350, 8870, 17665, 11, 50157, 4510, 104, 30114, 43822, 1543, 50774], "temperature": 0.0, "avg_logprob": -0.38984470897250706, "compression_ratio": 0.9285714285714286, "no_speech_prob": 0.03725764527916908}], "language": "zh"}