{"text": "GPD\u6709\u8111\u5b50\u4f46\u6ca1\u624b\u6ca1\u811aOpenClo\u5c31\u662f\u4f60\u7684\u624b\u5956", "segments": [{"id": 0, "seek": 0, "start": 0.0, "end": 2.82, "text": "GPD\u6709\u8111\u5b50\u4f46\u6ca1\u624b\u6ca1\u811a", "tokens": [50364, 38, 17349, 2412, 27067, 239, 7626, 8395, 10062, 11389, 10062, 27067, 248, 50505], "temperature": 0.0, "avg_logprob": -0.5423011016845704, "compression_ratio": 0.8524590163934426, "no_speech_prob": 0.014859464019536972}, {"id": 1, "seek": 0, "start": 2.82, "end": 5.26, "text": "OpenClo\u5c31\u662f\u4f60\u7684\u624b\u5956", "tokens": [50505, 45569, 34, 752, 5620, 18961, 11389, 1881, 244, 50627], "temperature": 0.0, "avg_logprob": -0.5423011016845704, "compression_ratio": 0.8524590163934426, "no_speech_prob": 0.014859464019536972}], "language": "zh"}