{"text": "\u4f46\u990a\u4e0b\u4e4b\u5f8c\u5462", "segments": [{"id": 0, "seek": 0, "start": 0.0, "end": 2.0, "text": "\u4f46\u990a\u4e0b\u4e4b\u5f8c\u5462", "tokens": [50364, 8395, 22217, 232, 4438, 26362, 6240, 50464], "temperature": 0.0, "avg_logprob": -0.5907076199849447, "compression_ratio": 0.6666666666666666, "no_speech_prob": 0.01916935294866562}], "language": "zh"}