{"text": "OpenClaw\u5c31\u662f\u4f60\u7684\u624b\u5956", "segments": [{"id": 0, "seek": 0, "start": 0.0, "end": 2.4, "text": "OpenClaw\u5c31\u662f\u4f60\u7684\u624b\u5956", "tokens": [50364, 45569, 34, 5901, 5620, 18961, 11389, 1881, 244, 50484], "temperature": 0.0, "avg_logprob": -0.6255877668207342, "compression_ratio": 0.7027027027027027, "no_speech_prob": 0.005717145279049873}], "language": "zh"}