{"text": "\u56e0\u70ba\u4ed6\u7684\u5716\u6a19\u50cf\u7684\u8766,\u5927\u5bb6\u5c31\u53eb\u4ed6\u5c0f\u8766", "segments": [{"id": 0, "seek": 0, "start": 0.0, "end": 4.4, "text": "\u56e0\u70ba\u4ed6\u7684\u5716\u6a19\u50cf\u7684\u8766,\u5927\u5bb6\u5c31\u53eb\u4ed6\u5c0f\u8766", "tokens": [50364, 11471, 31309, 2523, 244, 46299, 12760, 1546, 164, 251, 99, 11, 6868, 3111, 19855, 5000, 7322, 164, 251, 99, 50584], "temperature": 0.0, "avg_logprob": -0.36897546594793146, "compression_ratio": 0.8596491228070176, "no_speech_prob": 0.036829665303230286}], "language": "zh"}