{"text": "\u4ed6\u4e0d\u7761\u89c9,\u4e0d\u5bd2\u7d2f,\u4e0d\u62ff\u516c\u5b50\u3002", "segments": [{"id": 0, "seek": 0, "start": 0.0, "end": 4.0, "text": "\u4ed6\u4e0d\u7761\u89c9,\u4e0d\u5bd2\u7d2f,\u4e0d\u62ff\u516c\u5b50\u3002", "tokens": [50364, 5000, 1960, 40490, 24447, 11, 1960, 4510, 240, 43656, 11, 1960, 24351, 13545, 7626, 1543, 50564], "temperature": 0.0, "avg_logprob": -0.45878129535251194, "compression_ratio": 0.8444444444444444, "no_speech_prob": 0.07028879970312119}], "language": "zh"}