{"text": "GPT \u6709\u8111\u5b50 \u4f46\u6ca1\u624b\u6ca1\u811aOpen Claw \u5c31\u662f\u4f60\u7684\u624b\u811a", "segments": [{"id": 0, "seek": 0, "start": 0.0, "end": 3.5, "text": "GPT \u6709\u8111\u5b50 \u4f46\u6ca1\u624b\u6ca1\u811a", "tokens": [50364, 38, 47, 51, 21461, 27067, 239, 7626, 220, 8395, 10062, 11389, 10062, 27067, 248, 50539], "temperature": 0.0, "avg_logprob": -0.5048841900295682, "compression_ratio": 0.890625, "no_speech_prob": 0.017024818807840347}, {"id": 1, "seek": 0, "start": 3.5, "end": 6.0, "text": "Open Claw \u5c31\u662f\u4f60\u7684\u624b\u811a", "tokens": [50539, 45569, 383, 5901, 31526, 18961, 11389, 27067, 248, 50664], "temperature": 0.0, "avg_logprob": -0.5048841900295682, "compression_ratio": 0.890625, "no_speech_prob": 0.017024818807840347}], "language": "zh"}