{"text": "\u5176\u5be6\u4e0d\u662f \u6211\u8aaa\u7684\u662f\u9019\u500bOpen Club", "segments": [{"id": 0, "seek": 0, "start": 0.0, "end": 4.0, "text": "\u5176\u5be6\u4e0d\u662f \u6211\u8aaa\u7684\u662f\u9019\u500bOpen Club", "tokens": [50364, 14139, 7296, 8624, 4622, 24620, 6287, 45569, 11288, 50564], "temperature": 0.0, "avg_logprob": -0.7389417128129439, "compression_ratio": 0.8163265306122449, "no_speech_prob": 0.011112302541732788}], "language": "zh"}