{"text": "GPT\u6709\u8111\u5b50,\u4f46\u6ca1\u624b\u6ca1\u811a\u554a", "segments": [{"id": 0, "seek": 0, "start": 0.0, "end": 3.24, "text": "GPT\u6709\u8111\u5b50,\u4f46\u6ca1\u624b\u6ca1\u811a\u554a", "tokens": [50364, 38, 47, 51, 2412, 27067, 239, 7626, 11, 8395, 10062, 11389, 10062, 27067, 248, 4905, 50526], "temperature": 0.0, "avg_logprob": -0.45193831125895184, "compression_ratio": 0.7948717948717948, "no_speech_prob": 0.031815771013498306}], "language": "zh"}