{"text": "\u85dd\u4eba\u516c\u53f8\u7684\u6838\u5fc3\u908f\u8f2f\u4e0d\u662f\u58d3\u69a8\u81ea\u5df1\u800c\u662f\u6279\u826f\u751f\u7522\u6578\u5b57\u5206\u8eab", "segments": [{"id": 0, "seek": 0, "start": 0.0, "end": 3.68, "text": "\u85dd\u4eba\u516c\u53f8\u7684\u6838\u5fc3\u908f\u8f2f\u4e0d\u662f\u58d3\u69a8\u81ea\u5df1", "tokens": [50364, 21782, 251, 4035, 13545, 32981, 1546, 8987, 116, 7945, 3023, 237, 12290, 107, 7296, 45964, 22989, 101, 17645, 50548], "temperature": 0.0, "avg_logprob": -0.348633092992446, "compression_ratio": 0.872093023255814, "no_speech_prob": 0.012153928168118}, {"id": 1, "seek": 0, "start": 3.68, "end": 6.28, "text": "\u800c\u662f\u6279\u826f\u751f\u7522\u6578\u5b57\u5206\u8eab", "tokens": [50548, 11070, 1541, 3416, 117, 33950, 8244, 33299, 30622, 22381, 6627, 19847, 50678], "temperature": 0.0, "avg_logprob": -0.348633092992446, "compression_ratio": 0.872093023255814, "no_speech_prob": 0.012153928168118}], "language": "zh"}