{"text": "\u5f9e\u624b\u85dd\u4eba\u5230\u8fb2\u5834\u4e3b,\u9019\u662fAI\u6642\u4ee3\u6700\u4e4b\u524d\u7684\u601d\u7dad\u8f49\u578b", "segments": [{"id": 0, "seek": 0, "start": 0.0, "end": 5.0, "text": "\u5f9e\u624b\u85dd\u4eba\u5230\u8fb2\u5834\u4e3b,\u9019\u662fAI\u6642\u4ee3\u6700\u4e4b\u524d\u7684\u601d\u7dad\u8f49\u578b", "tokens": [50364, 21068, 11389, 21782, 251, 4035, 4511, 9830, 110, 21446, 13557, 11, 16600, 48698, 6611, 19105, 8661, 32442, 1546, 8870, 9261, 255, 32739, 39823, 50614], "temperature": 0.0, "avg_logprob": -0.3464878522432767, "compression_ratio": 0.8513513513513513, "no_speech_prob": 0.0035694206599146128}], "language": "zh"}