{"text": "\u5176\u5be6,\u662f\u5728\u628a\u81ea\u5df1\u7576\u9644\u5f71\u6a5f", "segments": [{"id": 0, "seek": 0, "start": 0.0, "end": 3.0, "text": "\u5176\u5be6,\u662f\u5728\u628a\u81ea\u5df1\u7576\u9644\u5f71\u6a5f", "tokens": [50364, 14139, 11, 1541, 3581, 16075, 17645, 13118, 8842, 226, 16820, 17543, 50514], "temperature": 0.0, "avg_logprob": -0.40330924306597027, "compression_ratio": 0.7555555555555555, "no_speech_prob": 0.01599067635834217}], "language": "zh"}