{"text": "\u4ed6\u4e0d\u7761\u89c9\u4e0d\u5bd2\u7d2f\u4e0d\u62ff\u516c\u5b50", "segments": [{"id": 0, "seek": 0, "start": 0.0, "end": 3.2, "text": "\u4ed6\u4e0d\u7761\u89c9\u4e0d\u5bd2\u7d2f\u4e0d\u62ff\u516c\u5b50", "tokens": [50364, 5000, 1960, 40490, 24447, 1960, 4510, 240, 43656, 1960, 24351, 13545, 7626, 50524], "temperature": 0.0, "avg_logprob": -0.4826795260111491, "compression_ratio": 0.8048780487804879, "no_speech_prob": 0.01662275940179825}], "language": "zh"}