{"text": "\u85dd\u4eba\u516c\u53f8\u7684\u6838\u5fc3\u908f\u8f2f,\u4e0d\u662f\u58d3\u69a8\u81ea\u5df1,\u800c\u662f\u6279\u91cf\u751f\u7522\u6578\u5b57\u5206\u8eab\u3002", "segments": [{"id": 0, "seek": 0, "start": 0.0, "end": 7.0, "text": "\u85dd\u4eba\u516c\u53f8\u7684\u6838\u5fc3\u908f\u8f2f,\u4e0d\u662f\u58d3\u69a8\u81ea\u5df1,\u800c\u662f\u6279\u91cf\u751f\u7522\u6578\u5b57\u5206\u8eab\u3002", "tokens": [50364, 21782, 251, 4035, 13545, 32981, 1546, 8987, 116, 7945, 3023, 237, 12290, 107, 11, 7296, 45964, 22989, 101, 17645, 11, 11070, 1541, 3416, 117, 26748, 8244, 33299, 30622, 22381, 6627, 19847, 1543, 50714], "temperature": 0.0, "avg_logprob": -0.3520598820277623, "compression_ratio": 0.8791208791208791, "no_speech_prob": 0.0530938096344471}], "language": "zh"}