{"text": "\u540d\u4ee5\u70ba\u662f\u5275\u696d\u5176\u5be6\u662f\u628a\u81ea\u5df1\u7576\u526f\u5f71\u6a5f", "segments": [{"id": 0, "seek": 0, "start": 0.0, "end": 2.0, "text": "\u540d\u4ee5\u70ba\u662f\u5275\u696d", "tokens": [50364, 15940, 3588, 6344, 1541, 5935, 113, 27119, 50464], "temperature": 0.0, "avg_logprob": -0.4633733658563523, "compression_ratio": 0.8135593220338984, "no_speech_prob": 0.048754096031188965}, {"id": 1, "seek": 0, "start": 2.0, "end": 5.0, "text": "\u5176\u5be6\u662f\u628a\u81ea\u5df1\u7576\u526f\u5f71\u6a5f", "tokens": [50464, 14139, 1541, 16075, 17645, 13118, 5935, 107, 16820, 17543, 50614], "temperature": 0.0, "avg_logprob": -0.4633733658563523, "compression_ratio": 0.8135593220338984, "no_speech_prob": 0.048754096031188965}], "language": "zh"}