{"text": "\u70ba\u4ec0\u9ebc\u8070\u660e\u4eba\u90fd\u5728\u990a?\u7d66\u4f60\u7b97\u6bd4\u8cec", "segments": [{"id": 0, "seek": 0, "start": 0.0, "end": 2.2, "text": "\u70ba\u4ec0\u9ebc\u8070\u660e\u4eba\u90fd\u5728\u990a?", "tokens": [50364, 18987, 8171, 108, 11100, 4035, 7182, 3581, 22217, 232, 30, 50474], "temperature": 0.0, "avg_logprob": -0.38885484422956196, "compression_ratio": 0.7962962962962963, "no_speech_prob": 0.008348839357495308}, {"id": 1, "seek": 0, "start": 2.2, "end": 3.8000000000000003, "text": "\u7d66\u4f60\u7b97\u6bd4\u8cec", "tokens": [50474, 17798, 2166, 19497, 11706, 13352, 105, 50554], "temperature": 0.0, "avg_logprob": -0.38885484422956196, "compression_ratio": 0.7962962962962963, "no_speech_prob": 0.008348839357495308}], "language": "zh"}