{"text": "\u8ff7\u4ee5\u4e3a\u662f\u521b\u4e1a", "segments": [{"id": 0, "seek": 0, "start": 0.0, "end": 2.0, "text": "\u8ff7\u4ee5\u4e3a\u662f\u521b\u4e1a", "tokens": [50364, 3316, 115, 3588, 13992, 1541, 2437, 249, 940, 248, 50464], "temperature": 0.0, "avg_logprob": -0.5212231079737345, "compression_ratio": 0.6206896551724138, "no_speech_prob": 0.04285798966884613}], "language": "zh"}