{"text": "\u6700\u8fd1\u5708\u5b50\u91cc\u6709\u4e2a\u8bcd\u7279\u522b\u83b7,\u53eb\u9633\u778e", "segments": [{"id": 0, "seek": 0, "start": 0.0, "end": 3.8000000000000003, "text": "\u6700\u8fd1\u5708\u5b50\u91cc\u6709\u4e2a\u8bcd\u7279\u522b\u83b7,\u53eb\u9633\u778e", "tokens": [50364, 46777, 2523, 230, 7626, 15759, 2412, 7549, 5233, 235, 17682, 18453, 31127, 115, 11, 19855, 10034, 111, 36733, 236, 50554], "temperature": 0.0, "avg_logprob": -0.4792018370194869, "compression_ratio": 0.7962962962962963, "no_speech_prob": 0.006920828949660063}], "language": "zh"}