{"text": "\u4ee5\u524d\u505a\u81ea\u5a92\u4f53,\u65e9\u8d77\u5237\u5bf9\u6807,\u4e2d\u4e94\u7f16\u6587\u6848,\u4e0b\u4e94\u56de\u601d\u4fe1,\u665a\u4e0a\u5199\u8ba1\u5212\u3002", "segments": [{"id": 0, "seek": 0, "start": 0.0, "end": 9.0, "text": "\u4ee5\u524d\u505a\u81ea\u5a92\u4f53,\u65e9\u8d77\u5237\u5bf9\u6807,\u4e2d\u4e94\u7f16\u6587\u6848,\u4e0b\u4e94\u56de\u601d\u4fe1,\u665a\u4e0a\u5199\u8ba1\u5212\u3002", "tokens": [50364, 44996, 10907, 9722, 44332, 240, 29485, 11, 21176, 9147, 2437, 115, 8713, 162, 3921, 11, 5975, 21001, 38109, 244, 17174, 28899, 11, 4438, 21001, 8350, 8870, 17665, 11, 50157, 5676, 247, 7422, 94, 2437, 240, 1543, 50814], "temperature": 0.0, "avg_logprob": -0.3478812926854843, "compression_ratio": 0.8854166666666666, "no_speech_prob": 0.09533517062664032}], "language": "zh"}