{"text": "\u5f88\u591a\u4eba\u4e00\u542c,\u4ee5\u4e3a\u6211\u8981\u8f6c\u822a\u641e\u6c34\u4ea7\u9636\u7eb8\u4e86\u3002", "segments": [{"id": 0, "seek": 0, "start": 0.0, "end": 4.0, "text": "\u5f88\u591a\u4eba\u4e00\u542c,\u4ee5\u4e3a\u6211\u8981\u8f6c\u822a\u641e\u6c34\u4ea7\u9636\u7eb8\u4e86\u3002", "tokens": [50364, 20778, 4035, 2257, 31022, 11, 3588, 13992, 32186, 17819, 105, 10256, 103, 41816, 15590, 1369, 100, 10034, 114, 16853, 116, 2289, 1543, 50564], "temperature": 0.0, "avg_logprob": -0.47634395599365237, "compression_ratio": 0.8333333333333334, "no_speech_prob": 0.0025642267428338528}], "language": "zh"}