{"text": "\u5f88\u591a\u4eba\u4ee5\u4e3a\u662f\u641e\u6c34\u4ea7\u5176\u5b9e\u662f\u4e2a\u81ea\u52a8\u5316\u5de5\u5177", "segments": [{"id": 0, "seek": 0, "start": 0.0, "end": 2.56, "text": "\u5f88\u591a\u4eba\u4ee5\u4e3a\u662f\u641e\u6c34\u4ea7", "tokens": [50364, 20778, 4035, 3588, 13992, 1541, 41816, 15590, 1369, 100, 50492], "temperature": 0.0, "avg_logprob": -0.2993737784298984, "compression_ratio": 0.8307692307692308, "no_speech_prob": 0.016660546883940697}, {"id": 1, "seek": 0, "start": 2.56, "end": 5.12, "text": "\u5176\u5b9e\u662f\u4e2a\u81ea\u52a8\u5316\u5de5\u5177", "tokens": [50492, 41646, 1541, 7549, 9722, 34961, 23756, 23323, 39806, 50620], "temperature": 0.0, "avg_logprob": -0.2993737784298984, "compression_ratio": 0.8307692307692308, "no_speech_prob": 0.016660546883940697}], "language": "zh"}