{"text": "\u990a\u4e0b\u4e4b\u5f8c,\u4f60\u559d\u5496\u5561,\u966a\u5bb6\u4eba\u7684\u6642\u5019,\u5f8c\u53f0\u6709\u5e7e\u5341\u96bb\u5c0f\u8766\u5728\u81ea\u52d5\u6293\u53d6\u7d20\u6750,\u6539\u5beb\u6587\u6848,\u540c\u6b65\u767c\u5e03\u3002", "segments": [{"id": 0, "seek": 0, "start": 0.0, "end": 10.5, "text": "\u990a\u4e0b\u4e4b\u5f8c,\u4f60\u559d\u5496\u5561,\u966a\u5bb6\u4eba\u7684\u6642\u5019,\u5f8c\u53f0\u6709\u5e7e\u5341\u96bb\u5c0f\u8766\u5728\u81ea\u52d5\u6293\u53d6\u7d20\u6750,\u6539\u5beb\u6587\u6848,\u540c\u6b65\u767c\u5e03\u3002", "tokens": [50364, 22217, 232, 4438, 26362, 11, 2166, 26784, 8975, 244, 3284, 94, 11, 8842, 103, 5155, 4035, 20643, 11, 5661, 15433, 2412, 23575, 20145, 47857, 7322, 164, 251, 99, 3581, 9722, 12572, 43069, 29436, 37204, 4422, 238, 11, 34490, 4510, 104, 17174, 28899, 11, 13089, 31429, 14637, 34688, 1543, 50889], "temperature": 0.0, "avg_logprob": -0.34287351720473347, "compression_ratio": 0.9596774193548387, "no_speech_prob": 0.10829471051692963}], "language": "zh"}