{"text": "\u70ba\u4ec0\u9ebc\u8070\u660e\u4eba\u90fd\u5728\u990a,\u7d66\u4f60\u7b97\u7b46\u4ed7", "segments": [{"id": 0, "seek": 0, "start": 0.0, "end": 4.0, "text": "\u70ba\u4ec0\u9ebc\u8070\u660e\u4eba\u90fd\u5728\u990a,\u7d66\u4f60\u7b97\u7b46\u4ed7", "tokens": [50364, 18987, 8171, 108, 11100, 4035, 7182, 3581, 22217, 232, 11, 17798, 2166, 19497, 7973, 228, 1550, 245, 50564], "temperature": 0.0, "avg_logprob": -0.5116140365600585, "compression_ratio": 0.7962962962962963, "no_speech_prob": 0.021757392212748528}], "language": "zh"}