{"text": "\u5f9e\u624b\u85dd\u4eba\u5230\u8fb2\u9577\u4e3b,\u9019\u662fAI\u6642\u4ee3,\u6700\u503c\u9322\u7684\u601d\u7dad\u8f49\u578b", "segments": [{"id": 0, "seek": 0, "start": 0.0, "end": 6.0, "text": "\u5f9e\u624b\u85dd\u4eba\u5230\u8fb2\u9577\u4e3b,\u9019\u662fAI\u6642\u4ee3,\u6700\u503c\u9322\u7684\u601d\u7dad\u8f49\u578b", "tokens": [50364, 21068, 11389, 21782, 251, 4035, 4511, 9830, 110, 15353, 13557, 11, 16600, 48698, 6611, 19105, 11, 8661, 40242, 29483, 1546, 8870, 9261, 255, 32739, 39823, 50664], "temperature": 0.0, "avg_logprob": -0.3387189933231899, "compression_ratio": 0.8533333333333334, "no_speech_prob": 0.029007848352193832}], "language": "zh"}